0,0,0,-1
0,0,0,-1
0,0,0,-1
0,0,0,-1
0,0,0,-1
0,0,0,-1
0,0,0,-1
0,0,0,-1
0,0,0,-1
0,0,0,-1
0,0,0,-1
0,0,0,-1
0,0,0,-1
0,0,0,-1
0,0,0,-1
0,0,0,-1
0,0,0,-1
0,0,0,-1
0,0,0,-1
0,0,0,-1
0,0,0,-1
0,0,0,-1
0,0,0,-1
0,0,0,-1
0,0,0,-1
0,0,0,-1
0,0,0,-1
0,0,0,-1
0,0,0,-1
0,0,0,-1
0,0,0,-1
0,0,0,-1
0,0,0,-1
0,0,0,-1
0,0,0,-1
0,0,0,-1
0,0,0,-1
0,0,0,-1
0,0,0,-1
0,0,0,-1
0,0,0,-1
0,0,0,-1
0,0,0,-1
0,0,0,-1
0,0,0,-1
0,0,0,-1
0,0,0,-1
0,0,0,-1
0,0,0,-1
0,0,0,-1
0,0,0,-1
0,0,0,-1
0,0,0,-1
0,0,0,-1
0,0,0,-1
0,0,0,-1
0,0,0,-1
0,0,0,-1
0,0,0,-1
0,0,0,-1
0,0,0,-1
0,0,0,-1
0,0,0,-1
0,0,0,-1
0,0,0,-1
0,0,0,-1
0,0,0,-1
0,0,0,-1
0,0,0,-1
0,0,0,-1
0,0,0,-1
0,0,0,-1
0,0,0,-1
0,0,0,-1
0,0,0,-1
0,0,0,-1
0,0,0,-1
0,0,0,-1
0,0,0,-1
0,0,0,-1
0,0,0,-1
0,0,0,-1
0,0,0,-1
0,0,0,-1
0,0,0,-1
0,0,0,-1
0,0,0,-1
0,0,0,-1
0,0,0,-1
0,0,0,-1
0,0,0,-1
0,0,0,-1
0,0,0,-1
0,0,0,-1
0,0,0,-1
0,0,0,-1
0,0,0,-1
0,0,0,-1
0,0,0,-1
0,0,0,-1
0,0,0,-1
0,0,0,-1
0,0,0,-1
0,0,0,-1
0,0,0,-1
0,0,0,-1
0,0,0,-1
0,0,0,-1
0,0,0,-1
0,0,0,-1
0,0,0,-1
0,0,0,-1
0,0,0,-1
0,0,0,-1
0,0,0,-1
0,0,0,-1
0,0,0,-1
0,0,0,-1
0,0,0,-1
0,0,0,-1
0,0,0,-1
0,0,0,-1
0,0,0,-1
0,0,0,-1
0,0,0,-1
0,0,0,-1
0,0,0,-1
0,0,0,-1
0,0,0,-1
0,0,0,-1
0,0,0,-1
0,0,0,-1
0,0,0,-1
0,0,0,-1
0,0,0,-1
0,0,0,-1
0,0,0,-1
0,0,0,-1
0,0,0,-1
0,0,0,-1
0,0,0,-1
0,0,0,-1
0,0,0,-1
0,0,0,-1
0,0,0,-1
0,0,0,-1
0,0,0,-1
0,0,0,-1
0,0,0,-1
0,0,0,-1
0,0,0,-1
0,0,0,-1
0,0,0,-1
0,0,0,-1
0,0,0,-1
0,0,0,-1
0,0,0,-1
0,0,0,-1
0,0,0,-1
0,0,0,-1
0,0,0,-1
0,0,0,-1
0,0,0,-1
0,0,0,-1
0,0,0,-1
0,0,0,-1
0,0,0,-1
0,0,0,-1
0,0,0,-1
0,0,0,-1
0,0,0,-1
0,0,0,-1
0,0,0,-1
0,0,0,-1
0,0,0,-1
0,0,0,-1
0,0,0,-1
0,0,0,-1
0,0,0,-1
0,0,0,-1
0,0,0,-1
0,0,0,-1
0,0,0,-1
0,0,0,-1
0,0,0,-1
0,0,0,-1
0,0,0,-1
0,0,0,-1
0,0,0,-1
0,0,0,-1
0,0,0,-1
0,0,0,-1
0,0,0,-1
0,0,0,-1
0,0,0,-1
0,0,0,-1
0,0,0,-1
0,0,0,-1
0,0,0,-1
0,0,0,-1
0,0,0,-1
0,0,0,-1
0,0,0,-1
0,0,0,-1
0,0,0,-1
0,0,0,-1
0,0,0,-1
0,0,0,-1
0,0,0,-1
0,0,0,-1
0,0,0,-1
0,0,0,-1
0,0,0,-1
0,0,0,-1
0,0,0,-1
0,0,0,-1
0,0,0,-1
0,0,0,-1
0,0,0,-1
0,0,0,-1
0,0,0,-1
0,0,0,-1
0,0,0,-1
0,0,0,-1
0,0,0,-1
0,0,0,-1
0,0,0,-1
0,0,0,-1
0,0,0,-1
0,0,0,-1
0,0,0,-1
0,0,0,-1
0,0,0,-1
0,0,0,-1
0,0,0,-1
0,0,0,-1
0,0,0,-1
0,0,0,-1
0,0,0,-1
0,0,0,-1
0,0,0,-1
0,0,0,-1
0,0,0,-1
0,0,0,-1
0,0,0,-1
0,0,0,-1
0,0,0,-1
0,0,0,-1
0,0,0,-1
0,0,0,-1
0,0,0,-1
0,0,0,-1
0,0,0,-1
0,0,0,-1
0,0,0,-1
0,0,0,-1
0,0,0,-1
0,0,0,-1
0,0,0,-1
0,0,0,-1
0,0,0,-1
0,0,0,-1
0,0,0,-1
0,0,0,-1
0,0,0,-1
0,0,0,-1
0,0,0,-1
0,0,0,-1
0,0,0,-1
0,0,0,-1
0,0,0,-1
0,0,0,-1
0,0,0,-1
0,0,0,-1
0,0,0,-1
0,0,0,-1
0,0,0,-1
0,0,0,-1
0,0,0,-1
0,0,0,-1
0,0,0,-1
0,0,0,-1
0,0,0,-1
0,0,0,-1
0,0,0,-1
0,0,0,-1
0,0,0,-1
0,0,0,-1
0,0,0,-1
0,0,0,-1
0,0,0,-1
0,0,0,-1
0,0,0,-1
0,0,0,-1
0,0,0,-1
0,0,0,-1
0,0,0,-1
0,0,0,-1
0,0,0,-1
0,0,0,-1
0,0,0,-1
0,0,0,-1
0,0,0,-1
0,0,0,-1
0,0,0,-1
0,0,0,-1
0,0,0,-1
0,0,0,-1
0,0,0,-1
0,0,0,-1
0,0,0,-1
0,0,0,-1
0,0,0,-1
0,0,0,-1
0,0,0,-1
0,0,0,-1
0,0,0,-1
0,0,0,-1
0,0,0,-1
0,0,0,-1
0,0,0,-1
0,0,0,-1
0,0,0,-1
6,0,6,106
5,0,5,105
5,0,5,105
5,0,5,105
5,0,5,105
3,0,3,103
3,0,3,103
3,20,-17,83
3,20,-17,83
2,20,-18,82
2,20,-18,82
2,20,-18,82
2,20,-18,82
2,20,-18,82
2,20,-18,82
2,20,-18,82
2,20,-18,82
2,20,-18,82
1,20,-19,80
1,20,-19,80
1,20,-19,80
1,20,-19,80
0,20,-20,79
0,20,-20,79
0,20,-20,79
0,20,-20,79
0,20,-20,78
0,20,-20,78
0,20,-20,78
0,20,-20,78
0,20,-20,78
0,20,-20,78
0,20,-20,78
0,20,-20,78
0,20,-20,77
0,40,-40,57
0,40,-40,57
0,40,-40,57
0,40,-40,57
0,40,-40,56
0,40,-40,56
0,40,-40,56
0,40,-40,56
0,40,-40,55
0,40,-40,55
0,40,-40,55
0,40,-40,55
0,40,-40,54
0,40,-40,54
0,40,-40,54
0,40,-40,54
1,40,-39,54
1,40,-39,54
1,40,-39,54
1,40,-39,54
2,40,-38,54
2,40,-38,54
2,40,-38,54
2,40,-38,54
2,40,-38,54
2,40,-38,53
2,40,-38,53
2,40,-38,53
2,40,-38,53
3,40,-37,53
3,40,-37,53
3,40,-37,53
3,40,-37,53
5,40,-35,55
5,40,-35,54
5,40,-35,54
5,40,-35,54
6,40,-34,55
6,40,-34,55
6,40,-34,54
6,40,-34,54
8,40,-32,56
8,40,-32,56
8,40,-32,56
8,40,-32,55
9,40,-31,56
9,40,-31,56
9,40,-31,56
9,60,-51,35
11,60,-49,37
11,60,-49,37
11,60,-49,37
11,60,-49,36
11,60,-49,36
13,60,-47,38
13,60,-47,37
13,60,-47,37
13,60,-47,37
15,60,-45,39
15,60,-45,38
15,60,-45,38
15,60,-45,38
17,60,-43,40
17,60,-43,39
17,60,-43,39
17,60,-43,39
19,60,-41,41
19,60,-41,40
19,60,-41,40
19,60,-41,40
22,60,-38,43
22,60,-38,42
22,60,-38,42
22,60,-38,42
24,60,-36,44
24,60,-36,43
24,60,-36,43
24,60,-36,43
24,60,-36,43
27,60,-33,46
27,60,-33,45
27,60,-33,45
27,60,-33,45
29,60,-31,47
29,60,-31,47
29,60,-31,46
29,60,-31,46
32,60,-28,49
32,60,-28,49
32,80,-48,29
32,80,-48,28
35,80,-45,31
35,80,-45,31
35,80,-45,31
35,80,-45,30
38,80,-42,33
38,80,-42,33
38,80,-42,33
38,80,-42,32
41,80,-39,35
41,80,-39,35
41,80,-39,35
41,80,-39,34
41,80,-39,34
44,80,-36,37
44,80,-36,37
44,80,-36,36
44,80,-36,36
47,80,-33,39
47,80,-33,39
47,80,-33,39
47,80,-33,38
50,80,-30,41
50,80,-30,41
50,80,-30,41
50,80,-30,41
53,80,-27,44
53,80,-27,43
53,80,-27,43
53,80,-27,43
56,80,-24,46
56,80,-24,46
56,80,-24,46
56,80,-24,46
0,80,-80,-11
0,80,-80,-11
0,80,-80,-12
0,80,-80,-12
59,80,-21,46
59,80,-21,46
59,80,-21,46
59,80,-21,46
59,80,-21,46
63,80,-17,50
63,80,-17,50
63,80,-17,50
63,80,-17,50
66,80,-14,52
66,80,-14,52
66,80,-14,52
66,80,-14,52
69,80,-11,55
69,80,-11,55
69,80,-11,55
69,80,-11,55
72,80,-8,58
72,80,-8,58
72,80,-8,58
72,80,-8,58
75,80,-5,61
75,80,-5,61
75,80,-5,61
75,80,-5,61
78,80,-2,64
78,80,-2,64
78,80,-2,64
78,80,-2,64
78,80,-2,64
81,80,1,67
81,80,1,67
81,80,1,67
81,80,1,67
84,80,4,70
84,80,4,70
84,80,4,70
84,80,4,70
87,80,7,73
87,100,-13,53
87,100,-13,53
87,100,-13,53
89,100,-11,54
89,100,-11,54
89,100,-11,54
89,100,-11,54
92,100,-8,57
92,100,-8,57
92,100,-8,57
92,100,-8,57
95,100,-5,60
95,100,-5,60
95,100,-5,60
95,100,-5,60
95,100,-5,60
97,100,-3,62
97,100,-3,62
97,100,-3,62
97,100,-3,62
100,100,0,65
100,100,0,65
100,100,0,65
100,100,0,65
102,100,2,67
102,100,2,67
102,100,2,67
102,100,2,67
104,100,4,69
104,100,4,69
104,100,4,69
104,120,-16,49
106,120,-14,51
106,120,-14,51
106,120,-14,51
106,120,-14,51
108,120,-12,52
108,120,-12,52
108,120,-12,52
108,120,-12,52
108,120,-12,52
110,120,-10,54
110,120,-10,54
110,120,-10,54
110,120,-10,54
111,120,-9,55
111,120,-9,55
111,120,-9,55
111,120,-9,55
113,120,-7,57
113,120,-7,57
113,120,-7,57
113,120,-7,57
114,120,-6,57
114,120,-6,57
114,120,-6,57
114,120,-6,57
115,120,-5,58
115,120,-5,58
115,120,-5,58
115,120,-5,58
117,120,-3,60
117,120,-3,60
117,120,-3,60
117,120,-3,60
117,120,-3,60
117,120,-3,60
117,120,-3,60
117,120,-3,60
117,120,-3,60
118,120,-2,61
118,120,-2,61
118,120,-2,61
118,120,-2,61
119,120,-1,62
119,120,-1,62
119,120,-1,62
119,140,-21,42
119,140,-21,42
119,140,-21,42
119,140,-21,42
119,140,-21,41
119,140,-21,41
119,140,-21,41
119,140,-21,41
119,140,-21,41
119,140,-21,41
119,140,-21,41
119,140,-21,41
119,140,-21,40
119,140,-21,40
119,140,-21,40
119,140,-21,40
119,140,-21,40
119,140,-21,40
119,140,-21,40
119,140,-21,40
119,140,-21,39
119,140,-21,39
119,140,-21,39
119,140,-21,39
119,140,-21,39
119,140,-21,39
118,140,-22,38
118,140,-22,37
118,140,-22,37
118,140,-22,37
117,140,-23,36
117,140,-23,36
117,140,-23,36
117,140,-23,36
117,140,-23,36
117,140,-23,35
117,140,-23,35
117,140,-23,35
117,160,-43,15
115,160,-45,13
115,160,-45,12
115,160,-45,12
115,160,-45,12
114,160,-46,11
114,160,-46,10
114,160,-46,10
114,160,-46,10
113,160,-47,8
113,160,-47,8
113,160,-47,8
113,160,-47,8
111,160,-49,5
111,160,-49,5
111,160,-49,5
111,160,-49,4
110,160,-50,3
110,160,-50,3
110,160,-50,2
110,160,-50,2
108,160,-52,0
108,160,-52,0
108,160,-52,-1
108,160,-52,-1
108,160,-52,-1
106,160,-54,-4
106,160,-54,-4
106,160,-54,-4
106,160,-54,-5
104,160,-56,-7
104,160,-56,-7
104,160,-56,-8
104,160,-56,-8
102,160,-58,-10
102,160,-58,-11
102,160,-58,-11
102,160,-58,-11
100,160,-60,-14
100,160,-60,-14
100,160,-60,-14
100,160,-60,-15
97,160,-63,-18
97,160,-63,-19
97,160,-63,-19
97,160,-63,-19
95,160,-65,-22
95,160,-65,-22
95,160,-65,-23
95,160,-65,-23
95,160,-65,-23
92,160,-68,-27
92,160,-68,-27
92,160,-68,-28
92,160,-68,-28
89,160,-71,-31
89,160,-71,-32
89,160,-71,-32
89,160,-71,-33
87,160,-73,-35
87,160,-73,-36
87,160,-73,-36
87,160,-73,-36
84,160,-76,-40
84,160,-76,-40
84,160,-76,-41
84,160,-76,-41
81,160,-79,-45
81,140,-59,-25
81,140,-59,-25
81,140,-59,-26
78,140,-62,-29
78,140,-62,-30
78,140,-62,-30
78,140,-62,-30
78,140,-62,-31
75,140,-65,-34
75,140,-65,-34
75,140,-65,-35
75,140,-65,-35
72,140,-68,-39
72,140,-68,-39
72,140,-68,-39
72,140,-68,-40
69,140,-71,-43
69,140,-71,-44
69,140,-71,-44
69,140,-71,-45
66,140,-74,-48
66,140,-74,-48
66,140,-74,-49
66,140,-74,-49
63,140,-77,-53
63,140,-77,-53
63,140,-77,-54
63,140,-77,-54
59,140,-81,-59
59,140,-81,-59
59,140,-81,-60
59,140,-81,-60
59,140,-81,-61
56,140,-84,-64
56,140,-84,-65
56,140,-84,-65
56,140,-84,-66
53,140,-87,-69
53,140,-87,-70
53,140,-87,-70
53,140,-87,-71
50,140,-90,-74
50,120,-70,-55
50,120,-70,-55
50,120,-70,-55
47,120,-73,-59
47,120,-73,-59
47,120,-73,-60
47,120,-73,-60
44,120,-76,-64
44,120,-76,-64
44,120,-76,-65
44,120,-76,-65
41,120,-79,-69
41,120,-79,-69
41,120,-79,-69
41,120,-79,-70
41,120,-79,-70
38,120,-82,-74
38,120,-82,-74
38,120,-82,-75
38,120,-82,-75
35,120,-85,-79
35,120,-85,-79
35,120,-85,-80
35,120,-85,-80
32,120,-88,-84
32,120,-88,-84
32,120,-88,-85
32,120,-88,-86
29,120,-91,-89
29,120,-91,-90
29,120,-91,-90
29,120,-91,-91
27,120,-93,-93
27,120,-93,-94
27,120,-93,-94
27,120,-93,-95
24,120,-96,-99
24,120,-96,-99
24,120,-96,-100
24,120,-96,-100
24,100,-76,-81
22,100,-78,-83
22,100,-78,-84
22,100,-78,-84
22,100,-78,-85
19,100,-81,-88
19,100,-81,-89
19,100,-81,-89
19,100,-81,-90
17,100,-83,-92
17,100,-83,-93
17,100,-83,-93
17,100,-83,-94
15,100,-85,-96
15,100,-85,-97
15,100,-85,-97
15,100,-85,-98
13,100,-87,-100
13,100,-87,-101
13,100,-87,-101
13,80,-67,-82
11,80,-69,-84
11,80,-69,-84
11,80,-69,-85
11,80,-69,-85
11,80,-69,-86
9,80,-71,-88
9,80,-71,-88
9,80,-71,-89
9,80,-71,-89
8,80,-72,-91
8,80,-72,-91
8,80,-72,-92
8,80,-72,-92
6,80,-74,-94
6,80,-74,-95
6,80,-74,-95
6,80,-74,-96
5,80,-75,-97
5,80,-75,-98
5,80,-75,-98
5,80,-75,-99
3,80,-77,-101
3,80,-77,-102
3,80,-77,-102
3,80,-77,-102
2,80,-78,-104
2,80,-78,-104
2,80,-78,-105
2,80,-78,-105
2,80,-78,-106
2,60,-58,-86
2,60,-58,-86
2,60,-58,-87
2,60,-58,-87
1,60,-59,-89
1,60,-59,-89
1,60,-59,-89
1,60,-59,-90
0,60,-60,-91
0,60,-60,-91
0,60,-60,-92
0,60,-60,-92
0,60,-60,-92
0,60,-60,-93
0,60,-60,-93
0,60,-60,-93
0,60,-60,-94
0,60,-60,-94
0,40,-40,-74
0,40,-40,-75
0,40,-40,-75
0,40,-40,-75
0,40,-40,-75
0,40,-40,-76
0,40,-40,-76
0,40,-40,-76
0,40,-40,-76
0,40,-40,-77
0,40,-40,-77
0,40,-40,-77
0,40,-40,-77
0,40,-40,-78
0,40,-40,-78
0,40,-40,-78
0,40,-40,-78
0,40,-40,-79
0,40,-40,-79
1,40,-39,-78
1,40,-39,-78
1,40,-39,-78
1,40,-39,-79
2,40,-38,-78
2,40,-38,-78
2,40,-38,-78
2,40,-38,-79
2,40,-38,-79
2,40,-38,-79
2,40,-38,-79
2,40,-38,-80
2,40,-38,-80
3,40,-37,-79
3,40,-37,-79
3,20,-17,-59
3,20,-17,-59
5,20,-15,-57
5,20,-15,-58
5,20,-15,-58
5,20,-15,-58
6,20,-14,-57
6,20,-14,-57
6,20,-14,-57
6,20,-14,-57
8,20,-12,-55
8,20,-12,-55
8,20,-12,-55
8,20,-12,-55
9,20,-11,-54
9,20,-11,-55
9,20,-11,-55
9,20,-11,-55
11,20,-9,-53
11,20,-9,-53
11,20,-9,-53
11,20,-9,-53
11,20,-9,-53
13,20,-7,-51
13,20,-7,-51
13,20,-7,-51
13,20,-7,-51
15,20,-5,-49
15,20,-5,-49
15,20,-5,-49
15,20,-5,-49
17,20,-3,-47
17,20,-3,-47
17,0,17,-27
17,0,17,-27
19,0,19,-25
19,0,19,-25
19,0,19,-25
19,0,19,-25
22,0,22,-21
22,0,22,-21
22,0,22,-21
22,0,22,-21
24,0,24,-19
24,0,24,-19
24,0,24,-19
24,0,24,-18
24,0,24,-18
27,0,27,-15
27,0,27,-15
27,0,27,-15
27,0,27,-15
29,0,29,-13
29,0,29,-12
29,0,29,-12
29,0,29,-12
32,0,32,-9
32,0,32,-9
32,0,32,-8
32,0,32,-8
35,0,35,-5
35,0,35,-5
35,0,35,-5
35,0,35,-4
38,0,38,-1
38,0,38,-1
38,0,38,-1
38,0,38,0
41,0,41,3
41,0,41,3
41,0,41,3
41,0,41,4
41,0,41,4
44,0,44,7
44,0,44,7
44,0,44,8
44,0,44,8
47,0,47,11
47,0,47,11
47,0,47,12
47,0,47,12
50,0,50,15
50,0,50,16
50,0,50,16
50,0,50,16
53,0,53,19
53,0,53,20
53,0,53,20
53,0,53,20
56,0,56,24
56,0,56,24
56,0,56,24
56,0,56,25
0,0,0,-31
0,0,0,-31
0,0,0,-31
0,0,0,-31
59,0,59,28
59,0,59,28
59,0,59,29
59,0,59,29
59,0,59,30
63,0,63,34
63,0,63,34
63,0,63,35
63,0,63,35
66,0,66,38
66,0,66,39
66,0,66,39
66,0,66,40
69,0,69,43
69,0,69,43
69,0,69,44
69,0,69,44
72,0,72,48
72,0,72,48
72,0,72,49
72,0,72,49
75,0,75,52
75,0,75,53
75,0,75,53
75,0,75,54
78,0,78,57
78,0,78,58
78,0,78,58
78,20,58,39
78,20,58,39
81,20,61,42
81,20,61,43
81,20,61,43
81,20,61,43
84,20,64,47
84,20,64,47
84,20,64,48
84,20,64,48
87,20,67,51
87,20,67,52
87,20,67,52
87,20,67,53
89,20,69,55
89,20,69,55
89,20,69,56
89,20,69,56
92,20,72,60
92,20,72,60
92,20,72,60
92,20,72,61
95,20,75,64
95,20,75,65
95,20,75,65
95,20,75,66
95,20,75,66
97,20,77,69
97,20,77,69
97,20,77,70
97,20,77,70
100,20,80,73
100,20,80,74
100,20,80,74
100,20,80,75
102,20,82,77
102,20,82,78
102,20,82,78
102,20,82,79
104,40,64,61
104,40,64,62
104,40,64,62
104,40,64,62
106,40,66,65
106,40,66,65
106,40,66,66
106,40,66,66
108,40,68,68
108,40,68,69
108,40,68,69
108,40,68,70
108,40,68,70
110,40,70,72
110,40,70,73
110,40,70,73
110,40,70,74
111,40,71,75
111,40,71,76
111,40,71,76
111,40,71,76
113,40,73,79
113,40,73,79
113,40,73,80
113,40,73,80
114,40,74,82
114,40,74,82
114,40,74,83
114,40,74,83
115,40,75,84
115,40,75,85
115,40,75,85
115,40,75,86
117,40,77,88
117,40,77,89
117,40,77,89
117,40,77,90
117,40,77,90
117,60,57,70
117,60,57,71
117,60,57,71
117,60,57,71
118,60,58,73
118,60,58,73
118,60,58,73
118,60,58,74
119,60,59,75
119,60,59,76
119,60,59,76
119,60,59,76
119,60,59,77
119,60,59,77
119,60,59,77
119,60,59,78
119,60,59,78
119,60,59,78
119,60,59,79
119,60,59,79
119,60,59,79
119,60,59,80
119,80,39,60
119,80,39,60
119,80,39,60
119,80,39,61
119,80,39,61
119,80,39,61
119,80,39,61
119,80,39,62
119,80,39,62
119,80,39,62
119,80,39,62
119,80,39,63
119,80,39,63
119,80,39,63
119,80,39,63
118,80,38,63
118,80,38,63
118,80,38,63
118,80,38,63
117,80,37,62
117,80,37,63
117,80,37,63
117,80,37,63
117,80,37,63
117,80,37,64
117,80,37,64
117,80,37,64
117,80,37,64
115,80,35,62
115,80,35,63
115,80,35,63
115,80,35,63
114,80,34,62
114,80,34,62
114,80,34,63
114,80,34,63
113,80,33,62
113,80,33,62
113,80,33,62
113,80,33,63
111,80,31,61
111,80,31,61
111,80,31,61
111,80,31,61
110,100,10,40
110,100,10,41
110,100,10,41
110,100,10,41
108,100,8,39
108,100,8,39
108,100,8,39
108,100,8,39
108,100,8,39
106,100,6,37
106,100,6,37
106,100,6,37
106,100,6,37
104,100,4,35
104,100,4,35
104,100,4,35
104,100,4,35
102,100,2,33
102,100,2,33
102,100,2,33
102,100,2,33
100,100,0,31
100,100,0,31
100,100,0,31
100,100,0,31
97,100,-3,28
97,100,-3,28
97,100,-3,28
97,100,-3,28
95,100,-5,26
95,100,-5,26
95,100,-5,26
95,100,-5,26
95,100,-5,26
92,100,-8,23
92,100,-8,23
92,100,-8,23
92,100,-8,23
89,100,-11,20
89,100,-11,20
89,100,-11,20
89,100,-11,19
87,100,-13,17
87,100,-13,17
87,100,-13,17
87,100,-13,17
84,100,-16,14
84,100,-16,14
84,100,-16,14
84,100,-16,14
81,100,-19,11
81,100,-19,11
81,100,-19,10
81,100,-19,10
78,100,-22,7
78,100,-22,7
78,100,-22,7
78,100,-22,7
78,100,-22,7
75,100,-25,4
75,100,-25,3
75,100,-25,3
75,100,-25,3
72,100,-28,0
72,100,-28,0
72,100,-28,0
72,100,-28,-1
69,100,-31,-4
69,100,-31,-4
69,100,-31,-4
69,100,-31,-4
66,100,-34,-8
66,100,-34,-8
66,100,-34,-8
66,100,-34,-8
63,100,-37,-11
63,100,-37,-12
63,100,-37,-12
63,100,-37,-12
59,100,-41,-16
59,100,-41,-17
59,100,-41,-17
59,100,-41,-17
59,100,-41,-17
56,100,-44,-21
56,100,-44,-21
56,100,-44,-21
56,100,-44,-21
53,100,-47,-25
53,100,-47,-25
53,100,-47,-25
53,100,-47,-25
50,100,-50,-29
50,100,-50,-29
50,100,-50,-29
50,100,-50,-30
47,100,-53,-33
47,100,-53,-33
47,100,-53,-34
47,100,-53,-34
44,100,-56,-37
44,100,-56,-38
44,100,-56,-38
44,100,-56,-38
41,100,-59,-42
41,100,-59,-42
41,100,-59,-42
41,100,-59,-43
41,100,-59,-43
38,100,-62,-46
38,100,-62,-47
38,100,-62,-47
38,100,-62,-48
35,100,-65,-51
35,100,-65,-51
35,100,-65,-52
35,100,-65,-52
32,100,-68,-56
32,100,-68,-56
32,100,-68,-56
32,100,-68,-57
29,100,-71,-60
29,100,-71,-61
29,100,-71,-61
29,100,-71,-61
27,100,-73,-64
27,100,-73,-64
27,100,-73,-65
27,100,-73,-65
24,100,-76,-69
24,100,-76,-69
24,100,-76,-70
24,100,-76,-70
24,100,-76,-70
22,100,-78,-73
22,100,-78,-73
22,100,-78,-74
22,100,-78,-74
19,100,-81,-78
19,100,-81,-78
19,80,-61,-59
19,80,-61,-59
17,80,-63,-61
17,80,-63,-62
17,80,-63,-62
17,80,-63,-63
15,80,-65,-65
15,80,-65,-65
15,80,-65,-66
15,80,-65,-66
13,80,-67,-69
13,80,-67,-69
13,80,-67,-69
13,80,-67,-70
11,80,-69,-72
11,80,-69,-73
11,80,-69,-73
11,80,-69,-73
11,80,-69,-74
9,80,-71,-76
9,80,-71,-77
9,80,-71,-77
9,80,-71,-77
8,80,-72,-79
8,80,-72,-79
8,80,-72,-80
8,80,-72,-80
6,80,-74,-83
6,80,-74,-83
6,80,-74,-84
6,80,-74,-84
5,80,-75,-85
5,80,-75,-86
5,80,-75,-86
5,80,-75,-87
3,80,-77,-89
3,80,-77,-90
3,80,-77,-90
3,80,-77,-91
2,80,-78,-92
2,80,-78,-93
2,60,-58,-73
2,60,-58,-73
2,60,-58,-74
2,60,-58,-74
2,60,-58,-74
2,60,-58,-75
2,60,-58,-75
1,60,-59,-76
1,60,-59,-77
1,60,-59,-77
1,60,-59,-77
0,60,-60,-79
0,60,-60,-79
0,60,-60,-80
0,60,-60,-80
0,60,-60,-80
0,60,-60,-81
0,60,-60,-81
0,60,-60,-81
0,60,-60,-82
0,60,-60,-82
0,60,-60,-82
0,40,-40,-63
0,40,-40,-63
0,40,-40,-63
0,40,-40,-63
0,40,-40,-64
0,40,-40,-64
0,40,-40,-64
0,40,-40,-64
0,40,-40,-65
0,40,-40,-65
0,40,-40,-65
0,40,-40,-65
0,40,-40,-66
0,40,-40,-66
0,40,-40,-66
0,40,-40,-66
0,40,-40,-66
0,40,-40,-67
1,40,-39,-66
1,40,-39,-66
1,40,-39,-66
1,40,-39,-67
2,40,-38,-66
2,40,-38,-66
2,40,-38,-66
2,40,-38,-67
2,40,-38,-67
2,40,-38,-67
2,40,-38,-67
2,40,-38,-67
2,40,-38,-68
3,40,-37,-67
3,40,-37,-67
3,40,-37,-67
3,40,-37,-68
5,40,-35,-66
5,40,-35,-66
5,40,-35,-66
5,40,-35,-66
6,40,-34,-66
6,20,-14,-46
6,20,-14,-46
6,20,-14,-46
8,20,-12,-44
8,20,-12,-44
8,20,-12,-44
8,20,-12,-44
9,20,-11,-43
9,20,-11,-43
9,20,-11,-43
9,20,-11,-43
11,20,-9,-41
11,20,-9,-42
11,20,-9,-42
11,20,-9,-42
11,20,-9,-42
13,20,-7,-40
13,20,-7,-40
13,20,-7,-40
13,20,-7,-40
15,20,-5,-38
15,20,-5,-38
15,20,-5,-38
15,20,-5,-38
17,20,-3,-36
17,20,-3,-36
17,20,-3,-36
17,20,-3,-36
19,20,-1,-34
19,20,-1,-34
19,20,-1,-34
19,20,-1,-34
22,20,2,-31
22,20,2,-31
22,20,2,-31
22,20,2,-31
24,20,4,-29
24,20,4,-29
24,20,4,-29
24,20,4,-29
24,20,4,-29
27,20,7,-26
27,20,7,-26
27,20,7,-26
27,20,7,-26
29,20,9,-24
29,20,9,-24
29,20,9,-24
29,20,9,-24
32,20,12,-20
32,20,12,-20
32,20,12,-20
32,0,32,0
35,0,35,3
35,0,35,3
35,0,35,3
35,0,35,4
38,0,38,7
38,0,38,7
38,0,38,7
38,0,38,8
41,0,41,11
41,0,41,11
41,0,41,11
41,0,41,12
41,0,41,12
44,0,44,15
44,0,44,15
44,0,44,16
44,0,44,16
47,0,47,19
47,0,47,19
47,0,47,20
47,0,47,20
50,0,50,23
50,0,50,24
50,0,50,24
50,0,50,24
53,0,53,28
53,0,53,28
53,0,53,28
53,0,53,29
56,0,56,32
56,0,56,32
56,20,36,12
56,20,36,13
0,20,-20,-44
0,20,-20,-44
0,20,-20,-44
0,20,-20,-44
59,20,39,15
59,20,39,16
59,20,39,16
59,20,39,16
59,20,39,16
63,20,43,21
63,20,43,21
63,20,43,21
63,20,43,21
66,20,46,25
66,20,46,25
66,20,46,25
66,20,46,25
69,20,49,29
69,20,49,29
69,20,49,29
69,20,49,30
72,20,52,33
72,20,52,33
72,20,52,34
72,20,52,34
75,20,55,37
75,20,55,38
75,20,55,38
75,20,55,38
78,20,58,42
78,20,58,42
78,20,58,42
78,20,58,43
78,20,58,43
81,20,61,46
81,20,61,47
81,20,61,47
81,20,61,47
84,20,64,51
84,20,64,51
84,20,64,52
84,20,64,52
87,20,67,55
87,20,67,56
87,20,67,56
87,20,67,57
89,20,69,59
89,20,69,59
89,20,69,60
89,20,69,60
92,20,72,64
92,20,72,64
92,20,72,64
92,20,72,65
95,20,75,68
95,20,75,69
95,20,75,69
95,20,75,70
95,20,75,70
97,20,77,73
97,20,77,73
97,20,77,74
97,20,77,74
100,20,80,77
100,20,80,78
100,20,80,78
100,40,60,59
102,40,62,61
102,40,62,62
102,40,62,62
102,40,62,62
104,40,64,65
104,40,64,65
104,40,64,65
104,40,64,66
106,40,66,68
106,40,66,69
106,40,66,69
106,40,66,69
108,40,68,72
108,40,68,72
108,40,68,73
108,40,68,73
108,40,68,73
110,40,70,76
110,40,70,76
110,40,70,77
110,40,70,77
111,40,71,79
111,40,71,79
111,40,71,79
111,40,71,80
113,40,73,82
113,40,73,83
113,40,73,83
113,40,73,84
114,40,74,85
114,40,74,85
114,40,74,86
114,40,74,86
115,40,75,88
115,40,75,88
115,40,75,89
115,40,75,89
117,60,57,72
117,60,57,72
117,60,57,72
117,60,57,73
117,60,57,73
117,60,57,73
117,60,57,74
117,60,57,74
117,60,57,74
118,60,58,76
118,60,58,76
118,60,58,76
118,60,58,77
119,60,59,78
119,60,59,78
119,60,59,79
119,60,59,79
119,60,59,79
119,60,59,80
119,60,59,80
119,60,59,80
119,60,59,81
119,80,39,61
119,80,39,61
119,80,39,62
119,80,39,62
119,80,39,62
119,80,39,62
119,80,39,62
119,80,39,63
119,80,39,63
119,80,39,63
119,80,39,63
119,80,39,64
119,80,39,64
119,80,39,64
119,80,39,64
119,80,39,65
119,80,39,65
119,80,39,65
119,80,39,65
119,80,39,66
118,80,38,65
118,80,38,65
118,80,38,65
118,80,38,65
117,80,37,65
117,80,37,65
117,80,37,65
117,80,37,65
117,80,37,66
117,80,37,66
117,80,37,66
117,80,37,66
117,80,37,66
115,80,35,65
115,80,35,65
115,80,35,65
115,80,35,65
114,80,34,64
114,80,34,65
114,80,34,65
114,80,34,65
113,80,33,64
113,80,33,64
113,100,13,45
113,100,13,45
111,100,11,43
111,100,11,43
111,100,11,43
111,100,11,43
110,100,10,42
110,100,10,42
110,100,10,42
110,100,10,42
108,100,8,40
108,100,8,40
108,100,8,40
108,100,8,40
108,100,8,40
106,100,6,38
106,100,6,38
106,100,6,38
106,100,6,39
104,100,4,37
104,100,4,37
104,100,4,37
104,100,4,37
102,100,2,35
102,100,2,35
102,100,2,35
102,100,2,35
100,100,0,33
100,100,0,33
100,100,0,33
100,100,0,33
97,100,-3,30
97,100,-3,30
97,100,-3,30
97,100,-3,30
95,100,-5,28
95,100,-5,28
95,100,-5,27
95,100,-5,27
95,100,-5,27
92,100,-8,24
92,100,-8,24
92,100,-8,24
92,100,-8,24
89,100,-11,21
89,100,-11,21
89,120,-31,1
89,120,-31,1
87,120,-33,-1
87,120,-33,-2
87,120,-33,-2
87,120,-33,-2
84,120,-36,-5
84,120,-36,-5
84,120,-36,-6
84,120,-36,-6
81,120,-39,-9
81,120,-39,-9
81,120,-39,-10
81,120,-39,-10
78,120,-42,-13
78,120,-42,-13
78,120,-42,-14
78,120,-42,-14
78,120,-42,-14
75,120,-45,-17
75,120,-45,-18
75,120,-45,-18
75,120,-45,-18
72,120,-48,-21
72,120,-48,-22
72,120,-48,-22
72,120,-48,-22
69,120,-51,-26
69,120,-51,-26
69,120,-51,-26
69,120,-51,-27
66,120,-54,-30
66,120,-54,-30
66,120,-54,-31
66,120,-54,-31
63,120,-57,-34
63,120,-57,-35
63,120,-57,-35
63,120,-57,-35
59,120,-61,-40
59,120,-61,-40
59,100,-41,-20
59,100,-41,-20
59,100,-41,-21
56,100,-44,-24
56,100,-44,-24
56,100,-44,-24
56,100,-44,-25
53,100,-47,-28
53,100,-47,-28
53,100,-47,-29
53,100,-47,-29
50,100,-50,-32
50,100,-50,-32
50,100,-50,-33
50,100,-50,-33
47,100,-53,-36
47,100,-53,-37
47,100,-53,-37
47,100,-53,-37
44,100,-56,-41
44,100,-56,-41
44,100,-56,-41
44,100,-56,-42
41,100,-59,-45
41,100,-59,-45
41,100,-59,-46
41,100,-59,-46
41,100,-59,-46
38,100,-62,-50
38,100,-62,-50
38,100,-62,-51
38,100,-62,-51
35,100,-65,-54
35,100,-65,-55
35,100,-65,-55
35,100,-65,-56
32,100,-68,-59
32,100,-68,-59
32,100,-68,-60
32,100,-68,-60
29,100,-71,-64
29,100,-71,-64
29,100,-71,-64
29,100,-71,-65
27,100,-73,-67
27,100,-73,-68
27,100,-73,-68
27,100,-73,-69
24,100,-76,-72
24,100,-76,-73
24,100,-76,-73
24,80,-56,-53
24,80,-56,-54
22,80,-58,-56
22,80,-58,-56
22,80,-58,-57
22,80,-58,-57
19,80,-61,-60
19,80,-61,-61
19,80,-61,-61
19,80,-61,-62
17,80,-63,-64
17,80,-63,-64
17,80,-63,-65
17,80,-63,-65
15,80,-65,-67
15,80,-65,-68
15,80,-65,-68
15,80,-65,-69
13,80,-67,-71
13,80,-67,-71
13,80,-67,-72
13,80,-67,-72
11,80,-69,-75
11,80,-69,-75
11,80,-69,-75
11,80,-69,-76
11,80,-69,-76
9,80,-71,-79
9,80,-71,-79
9,80,-71,-80
9,80,-71,-80
8,80,-72,-81
8,80,-72,-82
8,80,-72,-82
8,80,-72,-83
6,80,-74,-85
6,80,-74,-86
6,80,-74,-86
6,80,-74,-86
5,80,-75,-88
5,80,-75,-88
5,80,-75,-89
5,80,-75,-89
3,80,-77,-92
3,60,-57,-72
3,60,-57,-72
3,60,-57,-73
2,60,-58,-74
2,60,-58,-74
2,60,-58,-75
2,60,-58,-75
2,60,-58,-75
2,60,-58,-76
2,60,-58,-76
2,60,-58,-77
2,60,-58,-77
1,60,-59,-78
1,60,-59,-79
1,60,-59,-79
1,60,-59,-79
0,60,-60,-81
0,60,-60,-81
0,60,-60,-81
0,60,-60,-82
0,60,-60,-82
0,60,-60,-82
0,60,-60,-83
0,40,-40,-63
0,40,-40,-63
0,40,-40,-64
0,40,-40,-64
0,40,-40,-64
0,40,-40,-64
0,40,-40,-64
0,40,-40,-65
0,40,-40,-65
0,40,-40,-65
0,40,-40,-65
0,40,-40,-66
0,40,-40,-66
0,40,-40,-66
0,40,-40,-66
0,40,-40,-67
0,40,-40,-67
0,40,-40,-67
0,40,-40,-67
0,40,-40,-68
0,40,-40,-68
0,40,-40,-68
1,40,-39,-67
1,40,-39,-68
1,40,-39,-68
1,40,-39,-68
2,40,-38,-67
2,40,-38,-67
2,40,-38,-68
2,40,-38,-68
2,40,-38,-68
2,40,-38,-68
2,40,-38,-69
2,40,-38,-69
2,40,-38,-69
3,40,-37,-68
3,40,-37,-69
3,40,-37,-69
3,40,-37,-69
5,40,-35,-67
5,20,-15,-47
5,20,-15,-47
5,20,-15,-47
6,20,-14,-47
6,20,-14,-47
6,20,-14,-47
6,20,-14,-47
8,20,-12,-45
8,20,-12,-45
8,20,-12,-45
8,20,-12,-45
9,20,-11,-44
9,20,-11,-44
9,20,-11,-44
9,20,-11,-44
11,20,-9,-42
11,20,-9,-42
11,20,-9,-43
11,20,-9,-43
11,20,-9,-43
13,20,-7,-41
13,20,-7,-41
13,20,-7,-41
13,20,-7,-41
15,20,-5,-39
15,20,-5,-39
15,20,-5,-39
15,20,-5,-39
17,20,-3,-37
17,20,-3,-37
17,20,-3,-37
17,20,-3,-37
19,20,-1,-35
19,20,-1,-35
19,20,-1,-35
19,20,-1,-35
22,20,2,-32
22,20,2,-32
22,20,2,-32
22,20,2,-32
24,20,4,-30
24,20,4,-30
24,20,4,-30
24,20,4,-30
24,20,4,-30
27,0,27,-7
27,0,27,-7
27,0,27,-6
27,0,27,-6
29,0,29,-4
29,0,29,-4
29,0,29,-4
29,0,29,-3
32,0,32,0
32,0,32,0
32,0,32,0
32,0,32,0
35,0,35,3
35,0,35,4
35,0,35,4
35,0,35,4
38,0,38,7
38,0,38,8
38,0,38,8
38,0,38,8
41,0,41,11
41,0,41,12
41,0,41,12
41,0,41,12
41,0,41,12
44,0,44,16
44,0,44,16
44,0,44,16
44,0,44,16
47,0,47,20
47,0,47,20
47,0,47,20
47,0,47,20
50,0,50,24
50,0,50,24
50,0,50,24
50,0,50,25
53,0,53,28
53,0,53,28
53,0,53,29
53,0,53,29
56,0,56,32
56,0,56,33
56,0,56,33
56,0,56,33
0,0,0,-23
0,-20,20,-3
0,-20,20,-2
0,-20,20,-2
59,-20,79,57
59,-20,79,58
59,-20,79,58
59,-20,79,59
59,-20,79,59
63,-20,83,63
63,-20,83,64
63,-20,83,64
63,-20,83,65
66,-20,86,69
66,-20,86,69
66,-20,86,70
66,-20,86,70
69,-20,89,74
69,-20,89,74
69,-20,89,75
69,-20,89,75
72,-20,92,79
72,-20,92,79
72,-20,92,80
72,-20,92,80
75,-20,95,84
75,-20,95,85
75,-20,95,85
75,-20,95,86
78,-20,98,89
78,-20,98,90
78,-20,98,90
78,-20,98,91
78,-20,98,92
81,-20,101,95
81,-20,101,96
81,-20,101,96
81,-20,101,97
84,-20,104,101
84,-20,104,101
84,0,84,82
84,0,84,82
87,0,87,86
87,0,87,86
87,0,87,87
87,0,87,87
89,0,89,90
89,0,89,90
89,0,89,91
89,0,89,92
92,0,92,95
92,0,92,96
92,0,92,96
92,0,92,97
95,0,95,100
95,0,95,101
95,0,95,101
95,0,95,102
95,0,95,103
97,0,97,105
97,0,97,106
97,0,97,106
97,0,97,107
100,0,100,111
100,0,100,111
100,0,100,112
100,0,100,112
102,0,102,115
102,0,102,116
102,20,82,96
102,20,82,97
104,20,84,99
104,20,84,100
104,20,84,100
104,20,84,101
106,20,86,103
106,20,86,104
106,20,86,104
106,20,86,105
108,20,88,107
108,20,88,108
108,20,88,108
108,20,88,109
108,20,88,109
110,20,90,112
110,40,70,92
110,40,70,93
110,40,70,93
111,40,71,94
111,40,71,95
111,40,71,95
111,40,71,96
113,40,73,98
113,40,73,99
113,40,73,99
113,40,73,99
114,40,74,101
114,40,74,101
114,40,74,102
114,40,74,102
115,40,75,104
115,40,75,104
115,40,75,105
115,40,75,105
117,40,77,108
117,40,77,108
117,40,77,108
117,40,77,109
117,40,77,109
117,40,77,110
117,40,77,110
117,40,77,111
117,40,77,111
118,60,58,93
118,60,58,93
118,60,58,93
118,60,58,94
119,60,59,95
119,60,59,95
119,60,59,96
119,60,59,96
119,60,59,96
119,60,59,97
119,60,59,97
119,60,59,97
119,60,59,98
119,60,59,98
119,60,59,99
119,60,59,99
119,60,59,99
119,80,39,79
119,80,39,80
119,80,39,80
119,80,39,80
119,80,39,80
119,80,39,81
119,80,39,81
119,80,39,81
119,80,39,81
119,80,39,82
119,80,39,82
119,80,39,82
119,80,39,82
119,80,39,82
119,80,39,83
119,80,39,83
118,80,38,82
118,80,38,82
118,80,38,83
118,80,38,83
117,80,37,82
117,80,37,82
117,80,37,83
117,80,37,83
117,80,37,83
117,80,37,83
117,80,37,83
117,80,37,84
117,80,37,84
115,80,35,82
115,100,15,62
115,100,15,62
115,100,15,62
114,100,14,61
114,100,14,62
114,100,14,62
114,100,14,62
113,100,13,61
113,100,13,61
113,100,13,61
113,100,13,61
111,100,11,59
111,100,11,59
111,100,11,59
111,100,11,59
110,100,10,58
110,100,10,58
110,100,10,58
110,100,10,59
108,100,8,57
108,100,8,57
108,100,8,57
108,120,-12,37
108,120,-12,37
106,120,-14,34
106,120,-14,34
106,120,-14,34
106,120,-14,34
104,120,-16,32
104,120,-16,32
104,120,-16,32
104,120,-16,32
102,120,-18,30
102,120,-18,30
102,120,-18,29
102,120,-18,29
100,120,-20,27
100,120,-20,27
100,120,-20,27
100,120,-20,27
97,120,-23,24
97,120,-23,24
97,120,-23,23
97,120,-23,23
95,120,-25,21
95,120,-25,21
95,120,-25,21
95,120,-25,21
95,120,-25,21
92,120,-28,17
92,120,-28,17
92,120,-28,17
92,120,-28,17
89,120,-31,14
89,120,-31,14
89,120,-31,13
89,120,-31,13
87,120,-33,11
87,120,-33,11
87,120,-33,11
87,120,-33,10
84,120,-36,7
84,120,-36,7
84,120,-36,7
84,120,-36,6
81,120,-39,3
81,120,-39,3
81,120,-39,3
81,120,-39,3
78,120,-42,-1
78,120,-42,-1
78,120,-42,-1
78,120,-42,-1
78,120,-42,-2
75,120,-45,-5
75,120,-45,-5
75,120,-45,-6
75,120,-45,-6
72,120,-48,-9
72,120,-48,-9
72,120,-48,-10
72,120,-48,-10
69,120,-51,-13
69,120,-51,-14
69,120,-51,-14
69,120,-51,-14
66,120,-54,-17
66,120,-54,-18
66,120,-54,-18
66,120,-54,-18
63,120,-57,-22
63,120,-57,-22
63,120,-57,-22
63,120,-57,-23
59,120,-61,-27
59,120,-61,-28
59,120,-61,-28
59,120,-61,-28
59,120,-61,-29
56,120,-64,-32
56,120,-64,-32
56,120,-64,-33
56,120,-64,-33
53,120,-67,-37
53,120,-67,-37
53,120,-67,-37
53,120,-67,-38
50,120,-70,-41
50,120,-70,-42
50,120,-70,-42
50,120,-70,-42
47,120,-73,-46
47,120,-73,-46
47,120,-73,-47
47,120,-73,-47
44,120,-76,-51
44,120,-76,-51
44,120,-76,-52
44,120,-76,-52
41,120,-79,-56
41,120,-79,-56
41,120,-79,-56
41,120,-79,-57
41,120,-79,-57
38,120,-82,-61
38,120,-82,-61
38,120,-82,-62
38,120,-82,-62
35,120,-85,-66
35,120,-85,-66
35,120,-85,-67
35,120,-85,-67
32,120,-88,-71
32,120,-88,-71
32,120,-88,-72
32,100,-68,-52
29,100,-71,-56
29,100,-71,-56
29,100,-71,-57
29,100,-71,-57
27,100,-73,-60
27,100,-73,-60
27,100,-73,-60
27,100,-73,-61
24,100,-76,-64
24,100,-76,-65
24,100,-76,-65
24,100,-76,-66
24,100,-76,-66
22,100,-78,-69
22,100,-78,-69
22,100,-78,-70
22,100,-78,-70
19,100,-81,-74
19,100,-81,-74
19,100,-81,-74
19,100,-81,-75
17,100,-83,-77
17,100,-83,-78
17,100,-83,-78
17,100,-83,-79
15,100,-85,-81
15,80,-65,-62
15,80,-65,-62
15,80,-65,-63
13,80,-67,-65
13,80,-67,-65
13,80,-67,-66
13,80,-67,-66
11,80,-69,-69
11,80,-69,-69
11,80,-69,-69
11,80,-69,-70
11,80,-69,-70
9,80,-71,-73
9,80,-71,-73
9,80,-71,-74
9,80,-71,-74
8,80,-72,-75
8,80,-72,-76
8,80,-72,-76
8,80,-72,-77
6,80,-74,-79
6,80,-74,-80
6,80,-74,-80
6,80,-74,-81
5,80,-75,-82
5,80,-75,-82
5,80,-75,-83
5,80,-75,-83
3,80,-77,-86
3,80,-77,-86
3,80,-77,-87
3,80,-77,-87
2,80,-78,-89
2,80,-78,-89
2,80,-78,-90
2,80,-78,-90
2,80,-78,-91
2,80,-78,-91
2,60,-58,-71
2,60,-58,-72
2,60,-58,-72
1,60,-59,-73
1,60,-59,-74
1,60,-59,-74
1,60,-59,-74
0,60,-60,-76
0,60,-60,-76
0,60,-60,-77
0,60,-60,-77
0,60,-60,-77
0,60,-60,-78
0,60,-60,-78
0,60,-60,-78
0,60,-60,-79
0,60,-60,-79
0,60,-60,-79
0,60,-60,-80
0,60,-60,-80
0,60,-60,-80
0,60,-60,-81
0,60,-60,-81
0,60,-60,-82
0,40,-40,-62
0,40,-40,-62
0,40,-40,-62
0,40,-40,-63
0,40,-40,-63
0,40,-40,-63
0,40,-40,-63
0,40,-40,-63
0,40,-40,-64
0,40,-40,-64
0,40,-40,-64
0,40,-40,-64
1,40,-39,-64
1,40,-39,-64
1,40,-39,-64
1,40,-39,-64
2,40,-38,-64
2,40,-38,-64
2,40,-38,-64
2,40,-38,-64
2,40,-38,-65
2,40,-38,-65
2,40,-38,-65
2,40,-38,-65
2,40,-38,-65
3,40,-37,-65
3,40,-37,-65
3,40,-37,-65
3,40,-37,-65
5,40,-35,-64
5,40,-35,-64
5,40,-35,-64
5,40,-35,-64
6,40,-34,-63
6,40,-34,-64
6,40,-34,-64
6,40,-34,-64
8,40,-32,-62
8,40,-32,-62
8,40,-32,-63
8,40,-32,-63
9,40,-31,-62
9,40,-31,-62
9,20,-11,-42
9,20,-11,-42
11,20,-9,-40
11,20,-9,-40
11,20,-9,-40
11,20,-9,-40
11,20,-9,-41
13,20,-7,-39
13,20,-7,-39
13,20,-7,-39
13,20,-7,-39
15,20,-5,-37
15,20,-5,-37
15,20,-5,-37
15,20,-5,-37
17,20,-3,-35
17,20,-3,-35
17,20,-3,-35
17,20,-3,-35
19,20,-1,-33
19,20,-1,-33
19,20,-1,-33
19,20,-1,-33
22,20,2,-30
22,20,2,-30
22,20,2,-30
22,20,2,-30
24,20,4,-28
24,20,4,-28
24,20,4,-28
24,20,4,-28
24,20,4,-28
27,20,7,-25
27,20,7,-25
27,20,7,-25
27,20,7,-25
29,20,9,-23
29,20,9,-22
29,20,9,-22
29,20,9,-22
32,20,12,-19
32,20,12,-19
32,20,12,-19
32,20,12,-19
35,20,15,-16
35,20,15,-16
35,20,15,-16
35,0,35,4
38,0,38,8
38,0,38,8
38,0,38,8
38,0,38,8
41,0,41,12
41,0,41,12
41,0,41,12
41,0,41,12
41,0,41,13
44,0,44,16
44,0,44,16
44,0,44,16
44,0,44,17
47,0,47,20
47,0,47,20
47,0,47,20
47,0,47,21
50,0,50,24
50,0,50,24
50,0,50,25
50,0,50,25
53,0,53,28
53,0,53,29
53,0,53,29
53,0,53,29
56,0,56,33
56,0,56,33
56,20,36,13
56,20,36,13
0,20,-20,-43
0,20,-20,-43
0,20,-20,-43
0,20,-20,-43
59,20,39,16
59,20,39,16
59,20,39,17
59,20,39,17
59,20,39,17
63,20,43,21
63,20,43,22
63,20,43,22
63,20,43,22
66,20,46,25
66,20,46,26
66,20,46,26
66,20,46,26
69,20,49,29
69,20,49,30
69,20,49,30
69,20,49,30
72,20,52,34
72,20,52,34
72,20,52,34
72,20,52,35
75,20,55,38
75,20,55,38
75,20,55,39
75,20,55,39
78,20,58,42
78,20,58,43
78,20,58,43
78,20,58,43
78,20,58,44
81,20,61,47
81,20,61,47
81,20,61,48
81,20,61,48
84,20,64,51
84,20,64,52
84,20,64,52
84,20,64,53
87,20,67,56
87,20,67,56
87,20,67,57
87,20,67,57
89,20,69,60
89,20,69,60
89,20,69,60
89,20,69,61
92,20,72,64
92,20,72,65
92,20,72,65
92,20,72,66
95,20,75,69
95,20,75,70
95,20,75,70
95,20,75,70
95,20,75,71
97,20,77,73
97,20,77,74
97,40,57,54
97,40,57,54
100,40,60,58
100,40,60,58
100,40,60,59
100,40,60,59
102,40,62,61
102,40,62,62
102,40,62,62
102,40,62,62
104,40,64,65
104,40,64,65
104,40,64,66
104,40,64,66
106,40,66,68
106,40,66,69
106,40,66,69
106,40,66,70
108,40,68,72
108,40,68,72
108,40,68,73
108,40,68,73
108,40,68,74
110,40,70,76
110,40,70,76
110,40,70,77
110,40,70,77
111,40,71,79
111,40,71,79
111,40,71,80
111,40,71,80
113,40,73,82
113,40,73,83
113,40,73,83
113,40,73,84
114,40,74,85
114,40,74,86
114,40,74,86
114,40,74,86
115,40,75,88
115,40,75,88
115,40,75,89
115,40,75,89
117,60,57,72
117,60,57,72
117,60,57,72
117,60,57,73
117,60,57,73
117,60,57,73
117,60,57,74
117,60,57,74
117,60,57,74
118,60,58,76
118,60,58,76
118,60,58,76
118,60,58,77
119,60,59,78
119,60,59,78
119,60,59,79
119,60,59,79
119,60,59,80
119,60,59,80
119,60,59,80
119,60,59,81
119,60,59,81
119,60,59,81
119,60,59,82
119,80,39,62
119,80,39,62
119,80,39,62
119,80,39,63
119,80,39,63
119,80,39,63
119,80,39,63
119,80,39,64
119,80,39,64
119,80,39,64
119,80,39,64
119,80,39,64
119,80,39,65
119,80,39,65
119,80,39,65
119,80,39,65
119,80,39,66
119,80,39,66
118,80,38,65
118,80,38,65
118,80,38,66
118,80,38,66
117,80,37,65
117,80,37,65
117,80,37,65
117,80,37,66
117,80,37,66
117,80,37,66
117,80,37,66
117,80,37,67
117,80,37,67
115,80,35,65
115,80,35,65
115,80,35,65
115,80,35,66
114,80,34,65
114,80,34,65
114,80,34,65
114,100,14,45
113,100,13,44
113,100,13,44
113,100,13,45
113,100,13,45
111,100,11,43
111,100,11,43
111,100,11,43
111,100,11,43
110,100,10,42
110,100,10,42
110,100,10,42
110,100,10,42
108,100,8,40
108,100,8,40
108,100,8,40
108,100,8,40
108,100,8,40
106,100,6,38
106,100,6,38
106,100,6,38
106,100,6,39
104,100,4,37
104,100,4,37
104,100,4,37
104,100,4,37
102,100,2,35
102,100,2,35
102,100,2,35
102,100,2,35
100,100,0,33
100,100,0,33
100,100,0,33
100,100,0,33
97,100,-3,30
97,120,-23,9
97,120,-23,9
97,120,-23,9
95,120,-25,7
95,120,-25,7
95,120,-25,7
95,120,-25,7
95,120,-25,6
92,120,-28,3
92,120,-28,3
92,120,-28,3
92,120,-28,3
89,120,-31,0
89,120,-31,-1
89,120,-31,-1
89,120,-31,-1
87,120,-33,-3
87,120,-33,-3
87,120,-33,-4
87,120,-33,-4
84,120,-36,-7
84,120,-36,-7
84,120,-36,-7
84,120,-36,-8
81,120,-39,-11
81,120,-39,-11
81,120,-39,-11
81,120,-39,-12
78,120,-42,-15
78,120,-42,-15
78,120,-42,-15
78,120,-42,-16
78,120,-42,-16
75,120,-45,-19
75,120,-45,-19
75,120,-45,-20
75,120,-45,-20
72,120,-48,-23
72,120,-48,-23
72,120,-48,-24
72,120,-48,-24
69,120,-51,-27
69,120,-51,-28
69,120,-51,-28
69,120,-51,-28
66,120,-54,-32
66,120,-54,-32
66,120,-54,-32
66,120,-54,-33
63,120,-57,-36
63,120,-57,-36
63,120,-57,-37
63,120,-57,-37
59,120,-61,-41
59,100,-41,-22
59,100,-41,-22
59,100,-41,-22
59,100,-41,-22
56,100,-44,-26
56,100,-44,-26
56,100,-44,-26
56,100,-44,-26
53,100,-47,-30
53,100,-47,-30
53,100,-47,-30
53,100,-47,-30
50,100,-50,-34
50,100,-50,-34
50,100,-50,-34
50,100,-50,-35
47,100,-53,-38
47,100,-53,-38
47,100,-53,-39
47,100,-53,-39
44,100,-56,-42
44,100,-56,-43
44,100,-56,-43
44,100,-56,-43
41,100,-59,-47
41,100,-59,-47
41,100,-59,-47
41,100,-59,-48
41,100,-59,-48
38,100,-62,-51
38,100,-62,-52
38,100,-62,-52
38,100,-62,-53
35,100,-65,-56
35,100,-65,-56
35,100,-65,-57
35,100,-65,-57
32,100,-68,-61
32,100,-68,-61
32,100,-68,-61
32,100,-68,-62
29,100,-71,-65
29,100,-71,-66
29,100,-71,-66
29,100,-71,-66
27,100,-73,-69
27,80,-53,-49
27,80,-53,-50
27,80,-53,-50
24,80,-56,-53
24,80,-56,-53
24,80,-56,-54
24,80,-56,-54
24,80,-56,-55
22,80,-58,-57
22,80,-58,-57
22,80,-58,-58
22,80,-58,-58
19,80,-61,-61
19,80,-61,-62
19,80,-61,-62
19,80,-61,-62
17,80,-63,-65
17,80,-63,-65
17,80,-63,-65
17,80,-63,-66
15,80,-65,-68
15,80,-65,-69
15,80,-65,-69
15,80,-65,-69
13,80,-67,-72
13,80,-67,-72
13,80,-67,-73
13,80,-67,-73
11,80,-69,-75
11,80,-69,-76
11,80,-69,-76
11,80,-69,-77
11,80,-69,-77
9,80,-71,-80
9,80,-71,-80
9,80,-71,-80
9,80,-71,-81
8,80,-72,-82
8,80,-72,-83
8,80,-72,-83
8,80,-72,-84
6,80,-74,-86
6,80,-74,-86
6,80,-74,-87
6,80,-74,-87
5,80,-75,-89
5,60,-55,-69
5,60,-55,-69
5,60,-55,-70
3,60,-57,-72
3,60,-57,-72
3,60,-57,-73
3,60,-57,-73
2,60,-58,-74
2,60,-58,-75
2,60,-58,-75
2,60,-58,-76
2,60,-58,-76
2,60,-58,-76
2,60,-58,-77
2,60,-58,-77
2,60,-58,-77
1,60,-59,-79
1,60,-59,-79
1,60,-59,-79
1,60,-59,-80
0,60,-60,-81
0,60,-60,-81
0,60,-60,-82
0,60,-60,-82
0,40,-40,-62
0,40,-40,-63
0,40,-40,-63
0,40,-40,-63
0,40,-40,-63
0,40,-40,-64
0,40,-40,-64
0,40,-40,-64
0,40,-40,-64
0,40,-40,-65
0,40,-40,-65
0,40,-40,-65
0,40,-40,-65
0,40,-40,-65
0,40,-40,-66
0,40,-40,-66
0,40,-40,-66
0,40,-40,-66
0,40,-40,-67
0,40,-40,-67
0,40,-40,-67
0,40,-40,-67
0,40,-40,-68
0,40,-40,-68
0,40,-40,-68
1,40,-39,-67
1,40,-39,-68
1,40,-39,-68
1,40,-39,-68
2,40,-38,-67
2,40,-38,-68
2,40,-38,-68
2,40,-38,-68
2,40,-38,-68
2,40,-38,-68
2,40,-38,-69
2,40,-38,-69
2,40,-38,-69
3,40,-37,-68
3,40,-37,-69
3,40,-37,-69
3,40,-37,-69
5,40,-35,-67
5,20,-15,-47
5,20,-15,-47
5,20,-15,-47
6,20,-14,-47
6,20,-14,-47
6,20,-14,-47
6,20,-14,-47
8,20,-12,-45
8,20,-12,-45
8,20,-12,-45
8,20,-12,-45
9,20,-11,-44
9,20,-11,-44
9,20,-11,-44
9,20,-11,-44
11,20,-9,-42
11,20,-9,-42
11,20,-9,-43
11,20,-9,-43
11,20,-9,-43
13,20,-7,-41
13,20,-7,-41
13,20,-7,-41
13,20,-7,-41
15,20,-5,-39
15,20,-5,-39
15,20,-5,-39
15,20,-5,-39
17,20,-3,-37
17,20,-3,-37
17,20,-3,-37
17,20,-3,-37
19,20,-1,-35
19,20,-1,-35
19,20,-1,-35
19,20,-1,-35
22,0,22,-12
22,0,22,-12
22,0,22,-12
22,0,22,-11
24,0,24,-9
24,0,24,-9
24,0,24,-9
24,0,24,-9
24,0,24,-9
27,0,27,-6
27,0,27,-5
27,0,27,-5
27,0,27,-5
29,0,29,-3
29,0,29,-3
29,0,29,-3
29,0,29,-2
32,0,32,1
32,0,32,1
32,0,32,1
32,0,32,1
35,0,35,5
35,0,35,5
35,0,35,5
35,0,35,5
38,0,38,8
38,0,38,9
38,0,38,9
38,0,38,9
41,0,41,12
41,0,41,13
41,0,41,13
41,0,41,13
41,0,41,13
44,0,44,17
44,0,44,17
44,0,44,17
44,0,44,17
47,0,47,21
47,0,47,21
47,0,47,21
47,0,47,22
50,0,50,25
50,0,50,25
50,0,50,25
50,0,50,26
53,0,53,29
53,0,53,29
53,0,53,30
53,0,53,30
56,0,56,33
56,0,56,34
56,0,56,34
56,0,56,34
0,0,0,-22
0,0,0,-22
0,0,0,-22
0,0,0,-22
59,0,59,38
59,0,59,38
59,0,59,38
59,0,59,39
59,0,59,39
63,0,63,43
63,0,63,44
63,0,63,44
63,0,63,45
66,0,66,48
66,0,66,48
66,0,66,49
66,20,46,29
69,20,49,32
69,20,49,33
69,20,49,33
69,20,49,33
72,20,52,37
72,20,52,37
72,20,52,37
72,20,52,38
75,20,55,41
75,20,55,41
75,20,55,41
75,20,55,42
78,20,58,45
78,20,58,46
78,20,58,46
78,20,58,46
78,20,58,47
81,20,61,50
81,20,61,50
81,20,61,51
81,20,61,51
84,20,64,54
84,20,64,55
84,20,64,55
84,20,64,56
87,20,67,59
87,20,67,59
87,20,67,60
87,20,67,60
89,20,69,63
89,20,69,63
89,20,69,63
89,20,69,64
92,20,72,67
92,20,72,68
92,20,72,68
92,20,72,69
95,20,75,72
95,20,75,72
95,20,75,73
95,20,75,73
95,40,55,54
97,40,57,56
97,40,57,56
97,40,57,57
97,40,57,57
100,40,60,60
100,40,60,61
100,40,60,61
100,40,60,61
102,40,62,64
102,40,62,64
102,40,62,65
102,40,62,65
104,40,64,67
104,40,64,68
104,40,64,68
104,40,64,69
106,40,66,71
106,40,66,71
106,40,66,72
106,40,66,72
108,40,68,75
108,40,68,75
108,40,68,75
108,40,68,76
108,40,68,76
110,40,70,79
110,40,70,79
110,40,70,79
110,40,70,80
111,40,71,81
111,40,71,82
111,40,71,82
111,40,71,83
113,40,73,85
113,40,73,85
113,40,73,86
113,40,73,86
114,40,74,88
114,40,74,88
114,40,74,89
114,40,74,89
115,40,75,91
115,40,75,91
115,60,55,71
115,60,55,72
117,60,57,74
117,60,57,74
117,60,57,75
117,60,57,75
117,60,57,75
117,60,57,76
117,60,57,76
117,60,57,76
117,60,57,77
118,60,58,78
118,60,58,78
118,60,58,79
118,60,58,79
119,60,59,80
119,60,59,81
119,60,59,81
119,60,59,81
119,60,59,82
119,60,59,82
119,60,59,83
119,80,39,63
119,80,39,63
119,80,39,63
119,80,39,63
119,80,39,64
119,80,39,64
119,80,39,64
119,80,39,64
119,80,39,65
119,80,39,65
119,80,39,65
119,80,39,65
119,80,39,66
119,80,39,66
119,80,39,66
119,80,39,66
119,80,39,67
119,80,39,67
119,80,39,67
119,80,39,67
119,80,39,67
119,80,39,68
118,80,38,67
118,80,38,67
118,80,38,67
118,80,38,68
117,80,37,67
117,80,37,67
117,80,37,67
117,80,37,68
117,80,37,68
117,80,37,68
117,80,37,68
117,80,37,68
117,80,37,69
115,80,35,67
115,80,35,67
115,80,35,67
115,100,15,47
114,100,14,46
114,100,14,47
114,100,14,47
114,100,14,47
113,100,13,46
113,100,13,46
113,100,13,46
113,100,13,46
111,100,11,44
111,100,11,44
111,100,11,44
111,100,11,44
110,100,10,43
110,100,10,43
110,100,10,43
110,100,10,43
108,100,8,42
108,100,8,42
108,100,8,42
108,100,8,42
108,100,8,42
106,100,6,40
106,100,6,40
106,100,6,40
106,100,6,40
104,100,4,38
104,100,4,38
104,100,4,38
104,100,4,38
102,100,2,36
102,100,2,36
102,120,-18,16
102,120,-18,16
100,120,-20,14
100,120,-20,14
100,120,-20,13
100,120,-20,13
97,120,-23,10
97,120,-23,10
97,120,-23,10
97,120,-23,10
95,120,-25,8
95,120,-25,7
95,120,-25,7
95,120,-25,7
95,120,-25,7
92,120,-28,4
92,120,-28,4
92,120,-28,3
92,120,-28,3
89,120,-31,0
89,120,-31,0
89,120,-31,0
89,120,-31,0
87,120,-33,-3
87,120,-33,-3
87,120,-33,-3
87,120,-33,-3
84,120,-36,-6
84,120,-36,-7
84,120,-36,-7
84,120,-36,-7
81,120,-39,-10
81,120,-39,-11
81,120,-39,-11
81,120,-39,-11
78,120,-42,-14
78,120,-42,-15
78,120,-42,-15
78,120,-42,-15
78,120,-42,-15
75,120,-45,-19
75,120,-45,-19
75,120,-45,-19
75,120,-45,-19
72,120,-48,-23
72,120,-48,-23
72,120,-48,-23
72,120,-48,-24
69,120,-51,-27
69,120,-51,-27
69,120,-51,-27
69,120,-51,-28
66,120,-54,-31
66,120,-54,-31
66,120,-54,-32
66,120,-54,-32
63,120,-57,-35
63,120,-57,-36
63,120,-57,-36
63,120,-57,-36
59,120,-61,-41
59,120,-61,-41
59,120,-61,-41
59,120,-61,-42
59,120,-61,-42
56,120,-64,-46
56,100,-44,-26
56,100,-44,-26
56,100,-44,-26
53,100,-47,-30
53,100,-47,-30
53,100,-47,-30
53,100,-47,-31
50,100,-50,-34
50,100,-50,-34
50,100,-50,-34
50,100,-50,-35
47,100,-53,-38
47,100,-53,-38
47,100,-53,-39
47,100,-53,-39
44,100,-56,-42
44,100,-56,-43
44,100,-56,-43
44,100,-56,-43
41,100,-59,-47
41,100,-59,-47
41,100,-59,-47
41,100,-59,-48
41,100,-59,-48
38,100,-62,-51
38,100,-62,-52
38,100,-62,-52
38,100,-62,-53
35,100,-65,-56
35,100,-65,-56
35,100,-65,-57
35,100,-65,-57
32,100,-68,-61
32,100,-68,-61
32,100,-68,-61
32,100,-68,-62
29,100,-71,-65
29,100,-71,-66
29,100,-71,-66
29,100,-71,-66
27,100,-73,-69
27,100,-73,-69
27,80,-53,-50
27,80,-53,-50
24,80,-56,-53
24,80,-56,-54
24,80,-56,-54
24,80,-56,-54
24,80,-56,-55
22,80,-58,-57
22,80,-58,-57
22,80,-58,-58
22,80,-58,-58
19,80,-61,-61
19,80,-61,-62
19,80,-61,-62
19,80,-61,-63
17,80,-63,-65
17,80,-63,-65
17,80,-63,-66
17,80,-63,-66
15,80,-65,-68
15,80,-65,-69
15,80,-65,-69
15,80,-65,-70
13,80,-67,-72
13,80,-67,-72
13,80,-67,-73
13,80,-67,-73
11,80,-69,-76
11,80,-69,-76
11,80,-69,-76
11,80,-69,-77
11,80,-69,-77
9,80,-71,-80
9,80,-71,-80
9,80,-71,-81
9,80,-71,-81
8,80,-72,-82
8,80,-72,-83
8,80,-72,-83
8,80,-72,-84
6,80,-74,-86
6,80,-74,-87
6,80,-74,-87
6,80,-74,-88
5,80,-75,-89
5,60,-55,-69
5,60,-55,-70
5,60,-55,-70
3,60,-57,-72
3,60,-57,-73
3,60,-57,-73
3,60,-57,-73
2,60,-58,-75
2,60,-58,-75
2,60,-58,-75
2,60,-58,-76
2,60,-58,-76
2,60,-58,-76
2,60,-58,-77
2,60,-58,-77
2,60,-58,-77
1,60,-59,-79
1,60,-59,-79
1,60,-59,-80
1,60,-59,-80
0,60,-60,-81
0,60,-60,-82
0,60,-60,-82
0,60,-60,-82
0,40,-40,-63
0,40,-40,-63
0,40,-40,-63
0,40,-40,-63
0,40,-40,-63
0,40,-40,-64
0,40,-40,-64
0,40,-40,-64
0,40,-40,-64
0,40,-40,-65
0,40,-40,-65
0,40,-40,-65
0,40,-40,-65
0,40,-40,-66
0,40,-40,-66
0,40,-40,-66
0,40,-40,-66
0,40,-40,-67
0,40,-40,-67
0,40,-40,-67
0,40,-40,-67
0,40,-40,-68
0,40,-40,-68
0,40,-40,-68
0,40,-40,-68
1,40,-39,-68
1,40,-39,-68
1,40,-39,-68
1,40,-39,-68
2,40,-38,-67
2,40,-38,-68
2,40,-38,-68
2,40,-38,-68
2,40,-38,-68
2,40,-38,-69
2,40,-38,-69
2,40,-38,-69
2,40,-38,-69
3,40,-37,-69
3,40,-37,-69
3,40,-37,-69
3,40,-37,-69
5,20,-15,-47
5,20,-15,-47
5,20,-15,-47
5,20,-15,-48
6,20,-14,-47
6,20,-14,-47
6,20,-14,-47
6,20,-14,-47
8,20,-12,-45
8,20,-12,-45
8,20,-12,-45
8,20,-12,-45
9,20,-11,-44
9,20,-11,-44
9,20,-11,-44
9,20,-11,-44
11,20,-9,-42
11,20,-9,-43
11,20,-9,-43
11,20,-9,-43
11,20,-9,-43
13,20,-7,-41
13,20,-7,-41
13,20,-7,-41
13,20,-7,-41
15,20,-5,-39
15,20,-5,-39
15,20,-5,-39
15,20,-5,-39
17,20,-3,-37
17,20,-3,-37
17,20,-3,-37
17,20,-3,-37
19,20,-1,-35
19,20,-1,-35
19,20,-1,-35
19,0,19,-15
22,0,22,-12
22,0,22,-12
22,0,22,-12
22,0,22,-11
24,0,24,-9
24,0,24,-9
24,0,24,-9
24,0,24,-9
24,0,24,-9
27,0,27,-6
27,0,27,-5
27,0,27,-5
27,0,27,-5
29,0,29,-3
29,0,29,-3
29,0,29,-3
29,0,29,-2
32,0,32,1
32,0,32,1
32,0,32,1
32,0,32,1
35,0,35,5
35,0,35,5
35,0,35,5
35,0,35,5
38,0,38,8
38,0,38,9
38,0,38,9
38,0,38,9
41,0,41,12
41,0,41,13
41,0,41,13
41,0,41,13
41,0,41,13
44,0,44,17
44,0,44,17
44,0,44,17
44,0,44,17
47,0,47,21
47,0,47,21
47,0,47,21
47,0,47,22
50,0,50,25
50,0,50,25
50,0,50,25
50,0,50,26
53,0,53,29
53,0,53,29
53,0,53,30
53,0,53,30
56,0,56,33
56,0,56,34
56,0,56,34
56,0,56,34
0,0,0,-22
0,0,0,-22
0,0,0,-22
0,0,0,-22
59,0,59,38
59,0,59,38
59,0,59,38
59,0,59,39
59,0,59,39
63,0,63,44
63,0,63,44
63,0,63,44
63,0,63,45
66,0,66,48
66,20,46,28
66,20,46,29
66,20,46,29
69,20,49,32
69,20,49,32
69,20,49,33
69,20,49,33
72,20,52,36
72,20,52,37
72,20,52,37
72,20,52,37
75,20,55,41
75,20,55,41
75,20,55,41
75,20,55,42
78,20,58,45
78,20,58,45
78,20,58,46
78,20,58,46
78,20,58,46
81,20,61,50
81,20,61,50
81,20,61,50
81,20,61,51
84,20,64,54
84,20,64,55
84,20,64,55
84,20,64,55
87,20,67,59
87,20,67,59
87,20,67,60
87,20,67,60
89,20,69,62
89,20,69,63
89,20,69,63
89,20,69,64
92,20,72,67
92,20,72,68
92,20,72,68
92,20,72,68
95,20,75,72
95,20,75,72
95,20,75,73
95,20,75,73
95,40,55,53
97,40,57,56
97,40,57,56
97,40,57,57
97,40,57,57
100,40,60,60
100,40,60,61
100,40,60,61
100,40,60,61
102,40,62,64
102,40,62,64
102,40,62,64
102,40,62,65
104,40,64,67
104,40,64,68
104,40,64,68
104,40,64,68
106,40,66,71
106,40,66,71
106,40,66,72
106,40,66,72
108,40,68,74
108,40,68,75
108,40,68,75
108,40,68,76
108,40,68,76
110,40,70,78
110,40,70,79
110,40,70,79
110,40,70,80
111,40,71,81
111,40,71,81
111,40,71,82
111,40,71,82
113,40,73,85
113,40,73,85
113,40,73,86
113,40,73,86
114,40,74,88
114,40,74,88
114,40,74,88
114,40,74,89
115,40,75,90
115,40,75,91
115,60,55,71
115,60,55,71
117,60,57,74
117,60,57,74
117,60,57,74
117,60,57,75
117,60,57,75
117,60,57,75
117,60,57,76
117,60,57,76
117,60,57,77
118,60,58,78
118,60,58,78
118,60,58,79
118,60,58,79
119,60,59,80
119,60,59,81
119,60,59,81
119,60,59,81
119,60,59,82
119,60,59,82
119,60,59,82
119,80,39,63
119,80,39,63
119,80,39,63
119,80,39,63
119,80,39,64
119,80,39,64
119,80,39,64
119,80,39,64
119,80,39,64
119,80,39,65
119,80,39,65
119,80,39,65
119,80,39,65
119,80,39,66
119,80,39,66
119,80,39,66
119,80,39,66
119,80,39,67
119,80,39,67
119,80,39,67
119,80,39,67
119,80,39,68
118,80,38,67
118,80,38,67
118,80,38,67
118,80,38,67
117,80,37,67
117,80,37,67
117,80,37,67
117,80,37,67
117,80,37,68
117,80,37,68
117,80,37,68
117,80,37,68
117,80,37,68
115,80,35,67
115,80,35,67
115,80,35,67
115,100,15,47
114,100,14,46
114,100,14,46
114,100,14,46
114,100,14,46
113,100,13,46
113,100,13,46
113,100,13,46
113,100,13,46
111,100,11,44
111,100,11,44
111,100,11,44
111,100,11,44
110,100,10,43
110,100,10,43
110,100,10,43
110,100,10,43
108,100,8,41
108,100,8,41
108,100,8,41
108,100,8,41
108,100,8,42
106,100,6,40
106,100,6,40
106,100,6,40
106,100,6,40
104,100,4,38
104,100,4,38
104,100,4,38
104,100,4,38
102,100,2,36
102,100,2,36
102,100,2,36
102,120,-18,16
100,120,-20,14
100,120,-20,13
100,120,-20,13
100,120,-20,13
97,120,-23,10
97,120,-23,10
97,120,-23,10
97,120,-23,10
95,120,-25,8
95,120,-25,7
95,120,-25,7
95,120,-25,7
95,120,-25,7
92,120,-28,4
92,120,-28,4
92,120,-28,3
92,120,-28,3
89,120,-31,0
89,120,-31,0
89,120,-31,0
89,120,-31,0
87,120,-33,-3
87,120,-33,-3
87,120,-33,-3
87,120,-33,-3
84,120,-36,-6
84,120,-36,-7
84,120,-36,-7
84,120,-36,-7
81,120,-39,-10
81,120,-39,-11
81,120,-39,-11
81,120,-39,-11
78,120,-42,-14
78,120,-42,-15
78,120,-42,-15
78,120,-42,-15
78,120,-42,-15
75,120,-45,-19
75,120,-45,-19
75,120,-45,-19
75,120,-45,-19
72,120,-48,-23
72,120,-48,-23
72,120,-48,-23
72,120,-48,-24
69,120,-51,-27
69,120,-51,-27
69,120,-51,-27
69,120,-51,-28
66,120,-54,-31
66,120,-54,-31
66,120,-54,-32
66,120,-54,-32
63,120,-57,-35
63,120,-57,-36
63,120,-57,-36
63,120,-57,-36
59,120,-61,-41
59,120,-61,-41
59,120,-61,-42
59,120,-61,-42
59,120,-61,-42
56,120,-64,-46
56,100,-44,-26
56,100,-44,-26
56,100,-44,-26
53,100,-47,-30
53,100,-47,-30
53,100,-47,-30
53,100,-47,-31
50,100,-50,-34
50,100,-50,-34
50,100,-50,-34
50,100,-50,-35
47,100,-53,-38
47,100,-53,-38
47,100,-53,-39
47,100,-53,-39
44,100,-56,-42
44,100,-56,-43
44,100,-56,-43
44,100,-56,-43
41,100,-59,-47
41,100,-59,-47
41,100,-59,-47
41,100,-59,-48
41,100,-59,-48
38,100,-62,-52
38,100,-62,-52
38,100,-62,-52
38,100,-62,-53
35,100,-65,-56
35,100,-65,-56
35,100,-65,-57
35,100,-65,-57
32,100,-68,-61
32,100,-68,-61
32,100,-68,-61
32,100,-68,-62
29,100,-71,-65
29,100,-71,-66
29,100,-71,-66
29,100,-71,-67
27,100,-73,-69
27,100,-73,-69
27,80,-53,-50
27,80,-53,-50
24,80,-56,-53
24,80,-56,-54
24,80,-56,-54
24,80,-56,-54
24,80,-56,-55
22,80,-58,-57
22,80,-58,-57
22,80,-58,-58
22,80,-58,-58
19,80,-61,-62
19,80,-61,-62
19,80,-61,-62
19,80,-61,-63
17,80,-63,-65
17,80,-63,-65
17,80,-63,-66
17,80,-63,-66
15,80,-65,-69
15,80,-65,-69
15,80,-65,-69
15,80,-65,-70
13,80,-67,-72
13,80,-67,-72
13,80,-67,-73
13,80,-67,-73
11,80,-69,-76
11,80,-69,-76
11,80,-69,-77
11,80,-69,-77
11,80,-69,-77
9,80,-71,-80
9,80,-71,-80
9,80,-71,-81
9,80,-71,-81
8,80,-72,-82
8,80,-72,-83
8,80,-72,-83
8,80,-72,-84
6,80,-74,-86
6,80,-74,-87
6,80,-74,-87
6,80,-74,-88
5,60,-55,-69
5,60,-55,-69
5,60,-55,-70
5,60,-55,-70
3,60,-57,-72
3,60,-57,-73
3,60,-57,-73
3,60,-57,-73
2,60,-58,-75
2,60,-58,-75
2,60,-58,-75
2,60,-58,-76
2,60,-58,-76
2,60,-58,-76
2,60,-58,-77
2,60,-58,-77
2,60,-58,-77
1,60,-59,-79
1,60,-59,-79
1,60,-59,-79
1,60,-59,-80
0,60,-60,-81
0,60,-60,-82
0,60,-60,-82
0,60,-60,-82
0,40,-40,-62
0,40,-40,-63
0,40,-40,-63
0,40,-40,-63
0,40,-40,-63
0,40,-40,-64
0,40,-40,-64
0,40,-40,-64
0,40,-40,-64
0,40,-40,-65
0,40,-40,-65
0,40,-40,-65
0,40,-40,-65
0,40,-40,-66
0,40,-40,-66
0,40,-40,-66
0,40,-40,-66
0,40,-40,-67
0,40,-40,-67
0,40,-40,-67
0,40,-40,-67
0,40,-40,-68
0,40,-40,-68
0,40,-40,-68
0,40,-40,-68
1,40,-39,-67
1,40,-39,-68
1,40,-39,-68
1,40,-39,-68
2,40,-38,-67
2,40,-38,-68
2,40,-38,-68
2,40,-38,-68
2,40,-38,-68
2,40,-38,-69
2,40,-38,-69
2,40,-38,-69
2,40,-38,-69
3,40,-37,-68
3,40,-37,-69
3,40,-37,-69
3,40,-37,-69
5,20,-15,-47
5,20,-15,-47
5,20,-15,-47
5,20,-15,-47
6,20,-14,-47
6,20,-14,-47
6,20,-14,-47
6,20,-14,-47
8,20,-12,-45
8,20,-12,-45
8,20,-12,-45
8,20,-12,-45
9,20,-11,-44
9,20,-11,-44
9,20,-11,-44
9,20,-11,-44
11,20,-9,-42
11,20,-9,-42
11,20,-9,-43
11,20,-9,-43
11,20,-9,-43
13,20,-7,-41
13,20,-7,-41
13,20,-7,-41
13,20,-7,-41
15,20,-5,-39
15,20,-5,-39
15,20,-5,-39
15,20,-5,-39
17,20,-3,-37
17,20,-3,-37
17,20,-3,-37
17,20,-3,-37
19,20,-1,-35
19,20,-1,-35
19,20,-1,-35
19,0,19,-15
22,0,22,-12
22,0,22,-12
22,0,22,-12
22,0,22,-11
24,0,24,-9
24,0,24,-9
24,0,24,-9
24,0,24,-9
24,0,24,-9
27,0,27,-5
27,0,27,-5
27,0,27,-5
27,0,27,-5
29,0,29,-3
29,0,29,-3
29,0,29,-2
29,0,29,-2
32,0,32,1
32,0,32,1
32,0,32,1
32,0,32,1
35,0,35,5
35,0,35,5
35,0,35,5
35,0,35,5
38,0,38,9
38,0,38,9
38,0,38,9
38,0,38,9
41,0,41,12
41,0,41,13
41,0,41,13
41,0,41,13
41,0,41,13
44,0,44,17
44,0,44,17
44,0,44,17
44,0,44,17
47,0,47,21
47,0,47,21
47,0,47,21
47,0,47,22
50,0,50,25
50,0,50,25
50,0,50,26
50,0,50,26
53,0,53,29
53,0,53,29
53,0,53,30
53,0,53,30
56,0,56,33
56,0,56,34
56,0,56,34
56,0,56,34
